store_id,store_name,brand,gsc_property,2026-05,2026-06,2026-07,2026-08,status
sunsmirai-kawachinagano-310,弁慶はりきゅう整骨院 河内長野市310号線院,サンズミライ,https://chiryou-in.biz/kawachinagano/,45,129,170,168,done
chokuei-abekawa,安倍川駅前総合治療院,直営,https://abekawa.chiryouin.biz/,55,213,255,234,done
chokuei-abikoekimae,我孫子駅前整骨院,直営,https://abikoekimae.chiryouin.biz/,472,1030,609,437,done
chokuei-asaka,朝霞エキナカ整骨院,直営,https://asaka.chiryou-in.biz/,338,1430,1400,1210,done
chokuei-awase,沖縄あわせ接骨院,直営,https://awase.chiryouin.biz/,256,815,648,580,done
chokuei-chitose,千歳駅南接骨院,直営,https://chitose.chiryouin.biz/,101,351,289,223,done
chokuei-c-kashiwanoha,柏の葉キャンパス駅前接骨院,直営,https://kashiwanoha.chiryouin.biz/,143,450,623,374,done
chokuei-creamall,川越クレアモール接骨院,直営,https://creamall.chiryouin.biz/,51,135,141,164,done
chokuei-e-kamiitabashi,上板橋駅前接骨院,直営,https://curacion.jp/kamiitabashi/,142,384,661,629,done
chokuei-e-kawama,川間駅前接骨院,直営,https://kawama.chiryouin.biz/,134,148,227,138,done
chokuei-e-minamisendai,南仙台東口接骨院,直営,https://minamisendai.chiryouin.biz/,61,125,171,189,done
chokuei-eniwa,恵庭駅前接骨院,直営,https://eniwa.chiryouin.biz/,264,590,820,834,done
chokuei-fuchinobe,淵野辺駅北口接骨院,直営,https://fuchinobe.chiryouin.biz/,79,124,177,106,done
chokuei-futawa,二和向台駅前整骨院,直営,http://futawamukodai.chiryouin.biz/,3,6,11,7,done
chokuei-genki,市川げんき整骨院,直営,https://genki.chiryouin.biz/,88,207,372,303,done
chokuei-ginowan,宜野湾うちどまり整骨院,直営,https://ginowan.chiryouin.biz/,171,305,285,235,done
chokuei-goi-h,五井駅東口接骨院,直営,https://goihigashi.chiryou-in.biz/,275,要確認,要確認,要確認,partial
chokuei-hachioji,八王子北口整骨院,直営,https://hachioji.chiryouin.biz/,390,1410,2740,832,done
chokuei-haijima,拝島駅南口接骨院,直営,https://haijima.chiryouin.biz/,23,64,88,79,done
chokuei-hanajiri,ハローズ花尻接骨院,直営,http://chiryou-in.biz/hanajiri/,0,0,0,0,done
chokuei-hatsuishi,初石駅前整骨院,直営,https://hatsuishi.chiryouin.biz/,32,527,103,110,done
chokuei-hattoritenjin,服部天神駅前接骨院,直営,http://hattori.chiryouin.biz/,2,6,19,19,done
chokuei-higashifukai,流山東深井接骨院,直営,http://higashifukai.chiryouin.biz/,1,6,5,4,done
chokuei-higashijujo,東十条駅前整骨院,直営,https://higashijujo.chiryouin.biz/,278,886,803,680,done
chokuei-higashikoganei,東小金井駅北口接骨院,直営,https://higashikoganei.chiryouin.biz/,264,239,212,198,done
chokuei-honda,誉田南口整骨院,直営,http://curacion.jp/honda/,5,5,10,10,done
chokuei-ichinomiya,一宮白旗通接骨院,直営,https://chiryouin.biz/ichinomiya/,5,29,51,49,done
chokuei-ijiri,井尻駅前接骨院,直営,https://ijiri.chiryouin.biz/,147,335,366,375,done
chokuei-ikebukuro,池袋駅前接骨院,直営,https://ikebukuro.chiryou-in.biz/,912,2730,2600,2330,done
chokuei-ikeshita,池下エキナカ接骨院,直営,http://ikeshita.chiryouin.biz/,1,7,7,7,done
chokuei-imaike,今池南接骨院,直営,https://imaike.chiryouin.biz/,513,495,388,370,done
chokuei-inagekaigan,稲毛海岸中央整骨院,直営,https://inagekaigan.chiryouin.biz/,要確認,要確認,要確認,要確認,partial
chokuei-ishida,静岡さわやか接骨院 静岡市駿河区石田院,直営,https://ishida.chiryou-in.biz/,要確認,382,470,666,partial
chokuei-jujo,十条銀座整骨院,直営,https://jujo.chiryou-in.biz/,477,766,965,708,done
chokuei-kamagaya,鎌ヶ谷西口整骨院,直営,https://kamagaya.chiryouin.biz/,158,451,505,466,done
chokuei-kameda,新潟亀田大通り接骨院,直営,https://chiryouin.biz/kameda/,21,50,58,83,done
chokuei-kamoi,鴨居南口接骨院,直営,https://kamoi.chiryou-in.biz/,152,645,522,588,done
chokuei-kashiwahigashi,柏駅東口接骨院,直営,https://kashiwahigashiguchi.chiryouin.biz/,309,992,1030,832,done
chokuei-s-motoyawata,本八幡南口接骨院,直営,http://motoyawata.chiryou-in.biz/,0,0,0,0,done
chokuei-nishijin,西新中央商店街接骨院,直営,https://nishijin.chiryouin.biz/,68,244,264,325,done
chokuei-nakayama,下総中山駅前整骨院,直営,http://nakayama.chiryouin.biz/,1,6,13,19,done
chokuei-natori,名取西口整骨院,直営,https://natori.chiryouin.biz/,91,1430,831,308,done
chokuei-kurashiki,倉敷インター接骨院,直営,https://kurashiki.chiryouin.biz/,205,406,382,488,done
chokuei-tomisato,成田富里接骨院,直営,https://tomisato.chiryouin.biz/,148,695,595,448,done
chokuei-kashiwaminamiguchi,柏南口整骨院,直営,https://chiryou-in.biz/kashiwaminami/,0,0,0,0,done
chokuei-katsutadai,勝田台北口接骨院,直営,https://katsutadai.chiryouin.biz/,41,134,227,249,done
chokuei-kawagoekasumigaseki,川越霞ヶ関駅前接骨院,直営,https://kasumigaseki.chiryouin.biz/,61,142,233,152,done
chokuei-kawaguchiekimae,川口駅前接骨院,直営,https://curacion.jp/kawaguchi/,220,459,653,583,done
chokuei-kawanishinoseguchi,川西能勢口駅西口接骨院,直営,https://chiryouin.biz/kawanishinoseguchi/,32,101,110,129,done
chokuei-keiseiyawata,京成八幡駅前整骨院,直営,https://curacion.jp/yawataekimae/,478,1360,1830,1540,done
chokuei-kikugawa,菊川駅前接骨院,直営,https://kikugawa.chiryouin.biz/,132,529,372,263,done
chokuei-kitasendai,北仙台駅前接骨院,直営,https://chiryouin.biz/kitasendai/,9,36,45,37,done
chokuei-kitasenju,北千住西口接骨院,直営,https://kitasenju.chiryou-in.biz/,166,401,455,337,done
chokuei-kitayama,北山駅前接骨院,直営,https://chiryouin.biz/kitayama/,14,41,42,85,done
chokuei-kodaira,小平南口接骨院,直営,https://kodaira.chiryouin.biz/,126,389,427,364,done
chokuei-kohdo,新潟こうど接骨院,直営,https://kohdo.chiryouin.biz/,43,137,211,231,done
chokuei-koiwakuramae,小岩蔵前橋通り接骨院,直営,https://koiwakuramae.chiryouin.biz/,207,259,304,235,done
chokuei-koriyama,郡山若葉町接骨院,直営,https://koriyama.chiryouin.biz/,83,385,341,282,done
chokuei-koriyama-n,郡山駅西口接骨院,直営,https://curacion.jp/koriyama/,119,331,650,744,done
chokuei-kotoni,琴似駅前整骨院,直営,https://kotoni.chiryouin.biz/,101,447,288,225,done
chokuei-kozu,成田公津の杜整骨院,直営,https://kozu.chiryouin.biz/,656,2070,988,795,done
chokuei-lifegarden,ライフガーデン茂原整骨院,直営,http://lifegarden.chiryouin.biz/,11,23,40,24,done
chokuei-mabashi,馬橋東口整骨院,直営,https://mabashi.chiryouin.biz/,1820,1900,1820,1510,done
chokuei-machida,町田シバヒロ接骨院,直営,https://machida.chiryou-in.biz/,294,520,653,937,done
chokuei-matsusaki,新潟松崎接骨院,直営,https://matsusaki.chiryouin.biz/,71,269,417,434,done
chokuei-mikuni,三国エキナカ接骨院,直営,https://mikuni.chiryou-in.biz/,250,530,819,445,done
chokuei-minamihiragishi,南平岸駅前接骨院,直営,https://chiryouin.biz/minamihiragishi/,31,75,85,72,done
chokuei-minamikashiwa,南柏駅前整骨院,直営,https://minamikashiwa.chiryouin.biz/,64,240,258,195,done
chokuei-miraidaira,みらい平駅前接骨院,直営,https://chiryouin.biz/miraidaira/,31,55,50,67,done
chokuei-mizue,瑞江駅前接骨院,直営,https://mizue.chiryouin.biz/,134,587,986,618,done
chokuei-mizuhodai,みずほ台駅東口接骨院,直営,https://chiryouin.biz/mizuhodai/,29,59,74,79,done
chokuei-motosumiyoshi,元住吉ブレーメン通り接骨院,直営,http://motosumiyoshi.chiryouin.biz/,2,4,19,11,done
chokuei-motoyama,千種本山接骨院,直営,https://motoyama.chiryouin.biz/,15,48,70,80,done
chokuei-motoyawata,本八幡駅前整骨院,直営,https://motoyawata.chiryouin.biz/,64,141,119,126,done
chokuei-musashisakai,武蔵境駅北口接骨院,直営,https://chiryouin.biz/musashisakai/,15,54,101,90,done
chokuei-mutsumi,六実駅前整骨院,直営,http://mutsumi.chiryouin.biz/,2,3,5,8,done
chokuei-nagamachi,長町南駅前接骨院,直営,https://nagamachi.chiryouin.biz/,82,276,298,288,done
chokuei-nagareyama,南流山駅前整骨院,直営,http://nagareyama.chiryouin.biz/,8,15,19,16,done
chokuei-nakamurakouen,中村公園駅前接骨院,直営,https://chiryouin.biz/nakamurakouen/,15,42,42,66,done
chokuei-narita,成田駅前整骨院,直営,https://narita.chiryouin.biz/,99,215,315,267,done
chokuei-naritamisatodai,成田美郷台接骨院,直営,https://misatodai.chiryouin.biz/,1750,4640,4490,4320,done
chokuei-n-funabashi,船橋北口接骨院,直営,https://funabashi.chiryouin.biz/,457,1260,1320,1870,done
chokuei-nijyo,二条駅前整骨院,直営,https://nijoekimae.chiryouin.biz/,46,94,181,113,done
chokuei-nishiogikubo,西荻窪中央整骨院,直営,https://nishiogikubo.chiryou-in.biz/,要確認,要確認,要確認,要確認,partial
chokuei-okayama,岡山駅前整骨院,直営,https://okayama.chiryouin.biz/,2480,5500,4540,3510,done
chokuei-ooami,大網駅前整骨院,直営,https://oami.chiryouin.biz/,141,342,279,325,done
chokuei-ooyama,大山駅前接骨院,直営,https://ooyama.chiryouin.biz/,481,1010,1100,984,done
chokuei-otakanomori,流山おおたかの森西口接骨院,直営,https://chiryouin.biz/otakanomori/,56,165,220,141,done
chokuei-owada,八千代大和田整骨院,直営,http://owada.chiryouin.biz/,14,17,44,30,done
chokuei-rikuzen,陸前高砂駅前接骨院,直営,https://takasago.chiryouin.biz/,36,123,137,169,done
chokuei-s-aja,新都心あじゃ接骨院,直営,https://aja.chiryouin.biz/,514,3660,848,813,done
chokuei-sakura,市川さくら整骨院,直営,https://curacion.jp/sakura/,448,921,576,452,done
chokuei-sakuraekimae,佐倉駅前整骨院,直営,https://sakuraekimae.chiryouin.biz/,214,510,397,389,done
chokuei-sakurayukarigaoka,佐倉ユーカリが丘接骨院,直営,https://yukarigaoka.chiryouin.biz/,45,168,140,531,done
chokuei-sapporo,札幌北円山接骨院,直営,https://kitamaruyama.chiryouin.biz/,126,418,434,349,done
chokuei-sapporokotoni,札幌琴似本通り接骨院,直営,https://curacion.jp/kotonihondori/,102,408,311,348,done
chokuei-s-asaka,朝霞駅南口接骨院,直営,https://curacion.jp/asaka/,140,435,477,369,done
chokuei-sayamagaoka,狭山ヶ丘駅前接骨院,直営,https://sayamagaoka.chiryouin.biz/,要確認,要確認,要確認,要確認,partial
chokuei-sekiya,新潟関屋整骨院,直営,https://sekiya.chiryouin.biz/,41,88,122,154,done
chokuei-shiki,志木駅前接骨院,直営,https://shiki.chiryouin.biz/,117,295,423,290,done
chokuei-shimoakatsuka,下赤塚北口接骨院,直営,http://shimoakatsuka.chiryouin.biz/,1,15,7,19,done
chokuei-shimoigusa,下井草駅前接骨院,直営,https://shimoigusa.chiryouin.biz/,43,263,97,97,done
chokuei-shimosakitaguchi,下総中山駅北口整骨院,直営,https://curacion.jp/nakayamakita/,83,164,203,231,done
chokuei-shinbashi,新橋西口整骨院,直営,https://shinbashi.chiryou-in.biz/,2080,4260,3300,2300,done
chokuei-shindohigashi,新道東駅接骨院,直営,https://chiryouin.biz/shindohigashi/,16,45,90,80,done
chokuei-shinhamamatsu,新浜松駅前接骨院,直営,https://chiryouin.biz/shinhamamatsu/,32,129,163,155,done
chokuei-shinmatsudo,新松戸クラシオン整骨院,直営,https://shinmatsudo.chiryouin.biz/,176,549,522,778,done
chokuei-shinsayama,新狭山駅北口接骨院,直営,https://shinsayama.chiryouin.biz/,67,157,141,159,done
chokuei-shinshizuoka,新静岡駅前接骨院,直営,http://shizuoka.chiryouin.biz/,3,15,21,10,done
chokuei-shizu,佐倉志津整骨院,直営,https://shizu.chiryouin.biz/,49,963,920,270,done
chokuei-s-ichikawa,市川南口整骨院,直営,https://ichikawaminami.chiryouin.biz/,48,109,216,271,done
chokuei-s-kitakogane,北小金南口駅前接骨院,直営,https://curacion.jp/kitakogane/,270,249,260,271,done
chokuei-s-makuhari,幕張南口整骨院,直営,https://curacion.jp/makuhariminami/,76,526,320,335,done
chokuei-takada,クラシオン接骨院 MEGAドン・キホーテ長野高田院,直営,https://takada.chiryouin.biz/,161,300,294,284,done
chokuei-taniyon,谷町四丁目接骨院,直営,https://tanimachi.chiryou-in.biz/,2020,3400,2080,1720,done
chokuei-tateishiekimae,立石駅前通り整骨院,直営,http://tateishi.chiryouin.biz/,0,0,0,0,done
chokuei-teine,手稲駅北口接骨院,直営,https://teine.chiryouin.biz/,35,101,116,125,done
chokuei-tenjinbashi,天神橋三丁目接骨院,直営,https://tenjinbashi.chiryou-in.biz/,188,1010,842,966,done
chokuei-tennodai,天王台駅前整骨院,直営,http://tennodai.chiryouin.biz/,5,4,7,13,done
chokuei-teraohigashi,新潟寺尾東接骨院,直営,http://terao.chiryouin.biz/,要確認,20,22,20,partial
chokuei-toyoshiki,豊四季北口整骨院,直営,https://toyoshiki.chiryouin.biz/,574,2140,2910,1660,done
chokuei-toyoshikichuo,豊四季中央接骨院,直営,https://curacion.jp/toyoshiki/,189,413,522,396,done
chokuei-tsuga,都賀駅前整骨院,直営,http://tsuga.chiryouin.biz/,3,16,20,12,done
chokuei-umesato,梅郷山崎接骨院,直営,https://umesato.chiryouin.biz/,100,280,234,181,done
chokuei-urasoe,浦添宮城接骨院,直営,http://urasoe.chiryouin.biz/,1,8,20,15,done
chokuei-wakaba,わかば整骨院,直営,https://wakaba.chiryouin.biz/,111,184,180,163,done
chokuei-yachimata,八街駅前整骨院,直営,https://yachimata.chiryouin.biz/,57,288,336,367,done
chokuei-yawatajuku-n,八幡宿駅西口接骨院,直営,https://curacion.jp/yawatajuku/,47,127,173,127,done
chokuei-yotsukaido-k,四街道北口接骨院,直営,https://curacion.jp/yotsukaido/,113,357,269,206,done
sunsmirai-fukaebashi,たいよう鍼灸整骨院 深江橋院,サンズミライ,https://chiryou-in.biz/fukaebashi/,13,43,86,73,done
sunsmirai-hirakata-gotenyama,おかだ鍼灸整骨院 枚方御殿山院,サンズミライ,https://chiryou-in.biz/gotenyama/,344,747,797,2210,done
sunsmirai-hirakata-koen,たいよう鍼灸整骨院 枚方公園,サンズミライ,https://chiryou-in.biz/hirakatakoen/,8,45,89,89,done
sunsmirai-hirakata-nagao,あやめ鍼灸整骨院 枚方長尾院,サンズミライ,https://chiryou-in.biz/nagao/,36,104,156,114,done
sunsmirai-hiramatsu-joto,ミライ接骨院 ヒラマツ城東店,サンズミライ,https://hiramatsu.chiryouin.biz/,7,99,693,494,done
sunsmirai-kawachi-iwafune,河内いわふね駅前整骨院,サンズミライ,https://chiryou-in.biz/iwafune/,12,38,77,82,done
sunsmirai-matsuiyamate,たいよう鍼灸整骨院 branch松井山手院,サンズミライ,https://chiryou-in.biz/matsuiyamate/,69,240,550,4700,done
sunsmirai-minami-ibaraki,たいよう鍼灸整骨院 南茨木院,サンズミライ,https://chiryou-in.biz/minamiibaraki/,13,134,125,93,done
sunsmirai-nishiotsu,弁慶はりきゅう整骨院 西大津院,サンズミライ,https://chiryou-in.biz/nishiotsu/,22,72,103,106,done
sunsmirai-otsu,弁慶はりきゅう整骨院 大津市整骨院,サンズミライ,https://chiryou-in.biz/otsu/,43,79,106,83,done
sunsmirai-otsu-ishiyama,弁慶はりきゅう整骨院 大津市石山整骨院,サンズミライ,https://chiryou-in.biz/ishiyama/,39,96,97,97,done
sunsmirai-sakai-mihara,堺市美原区整骨院,サンズミライ,https://chiryou-in.biz/mihara/,25,100,103,89,done
sunsmirai-shinobugaoka,忍ヶ丘駅前整骨院,サンズミライ,https://chiryou-in.biz/shinobugaoka/,11,41,59,55,done
sunsmirai-takatsuki,ひまわり鍼灸整骨院 高槻院,サンズミライ,https://chiryou-in.biz/takatsuki/,26,63,78,89,done
sunsmirai-tondabayashi-170,弁慶はりきゅう整骨院 富田林市旧170号線院,サンズミライ,https://chiryou-in.biz/tondabayashi/,35,117,113,94,done
sunsmirai-wakayama-arimoto,弁慶はりきゅう整骨院 和歌山市有本院,サンズミライ,https://chiryou-in.biz/arimoto/,59,236,362,207,done
sunsmirai-wakayama-higashiguchi,和歌山駅東口接骨院,サンズミライ,https://wakayama.chiryouin.biz/,94,298,440,340,done
chokuei-anegasaki,姉ヶ崎駅前接骨院,直営,https://chiryouin.biz/anegasaki/,18,53,64,48,done
